Unnamed: 0,user_id,isbn,rating,title,author,year,publisher,age
0,276725,034545104X,0,Flesh Tones: A Novel,M. J. Rose,2002,Ballantine Books,
1,276726,0155061224,5,Rites of Passage,Judith Rae,2001,Heinle,
2,276727,0446520802,0,The Notebook,Nicholas Sparks,1996,Warner Books,16.0
3,276729,052165615X,3,Help!: Level 1,Philip Prowse,1999,Cambridge University Press,16.0
4,276729,0521795028,6,The Amsterdam Connection : Level 4 (Cambridge English Readers),Sue Leather,2001,Cambridge University Press,16.0
5,276733,2080674722,0,Les Particules Elementaires,Michel Houellebecq,1998,Flammarion,37.0
6,276744,038550120X,7,A Painted House,JOHN GRISHAM,2001,Doubleday,
7,276746,0425115801,0,Lightning,Dean R. Koontz,1996,Berkley Publishing Group,
8,276746,0449006522,0,Manhattan Hunt Club,JOHN SAUL,2002,Ballantine Books,
9,276746,0553561618,0,Dark Paradise,TAMI HOAG,1994,Bantam,
