user_id,isbn,rating,title,author,year,publisher,age,normalized_title,matched_genres,normalized_author,normalized_rating,title_length,has_subtitle,clean_title,author_book_count,author_avg_rating
276850.0,0449217264,3.5,Alaska,James A. Michener,1994.0,Fawcett Books,16.0,alaska,"['Young Adult', 'Fiction', 'Contemporary', 'Romance', 'Realistic Fiction', 'Coming Of Age', 'Teen', 'Mystery', 'Young Adult Contemporary', 'High School']",james a. michener,3.242106488521392,6,0,alaska,197,3.715736040609137
276872.0,0425167097,4.0,Toxin,Robin Cook,1999.0,Berkley Pub Group,43.0,toxin,[],robin cook,3.64080483345398,5,0,toxin,330,3.5727272727272728
276872.0,042518109X,4.0,Whispers,Dean R. Koontz,2001.0,Berkley Publishing Group,43.0,whispers,"['Fiction', 'Romance', 'Drama', 'Family', 'Novels', 'Chick Lit', 'Contemporary', 'Roman', 'Womens Fiction', 'Adult Fiction']",dean r. koontz,3.64080483345398,8,0,whisper,470,3.891489361702128
276872.0,0425188221,3.5,Shadowland,Peter Straub,2003.0,Berkley Publishing Group,43.0,shadowland,"['Horror', 'Fantasy', 'Fiction', 'Thriller', 'Magic', 'Mystery', 'Supernatural', 'Paranormal', 'Novels', 'Dark Fantasy']",peter straub,2.4447097986562154,10,0,shadowland,41,3.5365853658536586
276964.0,0385264356,5.0,Alamut,Judith Tarr,1989.0,Bantam Dell Pub Group,34.0,alamut,"['Fiction', 'Historical Fiction', 'Classics', 'Novels', 'Historical', 'Literature', 'Religion', 'Philosophy', 'European Literature', 'Roman']",judith tarr,3.242106488521392,6,0,alamut,1,5.0
276988.0,0061083259,3.5,Dreamcatcher,Dinah McCall,1996.0,HarperTorch,,dreamcatcher,"['Westerns', 'Paranormal', 'Middle Grade', 'Horses']",dinah mccall,3.5,12,0,dreamcatch,8,3.8125
276988.0,0061087017,3.5,Legend,Sharon Sala,1998.0,HarperTorch,,legend,"['Thriller', 'Fiction', 'Adventure', 'Science Fiction', 'Action', 'Mystery', 'Military Fiction', 'Mystery Thriller', 'Paranormal', 'Horror']",sharon sala,3.5,6,0,legend,17,3.764705882352941
277042.0,074343627X,4.0,Dreamcatcher,Stephen King,2001.0,Pocket,,dreamcatcher,"['Westerns', 'Paranormal', 'Middle Grade', 'Horses']",stephen king,3.242106488521392,12,0,dreamcatch,996,3.877008032128514
277051.0,0385720920,5.0,Choke,CHUCK PALAHNIUK,2002.0,Anchor,18.0,choke,"['Young Adult', 'Realistic Fiction', 'Contemporary', 'School', 'Middle Grade', 'Mental Health', 'Family', 'Coming Of Age', 'Drama', 'Fiction']",chuck palahniuk,3.242106488521392,5,0,choke,65,3.9846153846153847
277085.0,0434009407,4.0,Hannibal,Thomas Harris,0.0,William Heinemann Ltd(england,25.0,hannibal,"['Historical Fiction', 'Fiction', 'Historical', 'War', 'Ancient History', 'Roman']",thomas harris,3.242106488521392,8,0,hannib,181,3.569060773480663
