Unnamed: 0,isbn,rating,title,author,normalized_title,matched_genres,desc
0,0449217264,3.5,Alaska,James A. Michener,alaska,"['Young Adult', 'Fiction', 'Contemporary', 'Romance', 'Realistic Fiction', 'Coming Of Age', 'Teen', 'Mystery', 'Young Adult Contemporary', 'High School']",
1,042518109X,4.0,Whispers,Dean R. Koontz,whispers,"['Fiction', 'Romance', 'Drama', 'Family', 'Novels', 'Chick Lit', 'Contemporary', 'Roman', 'Womens Fiction', 'Adult Fiction']",
2,042518109X,4.0,Whispers,Dean R. Koontz,whispers,"['Fiction', 'Romance', 'Drama', 'Family', 'Novels', 'Chick Lit', 'Contemporary', 'Roman', 'Womens Fiction', 'Adult Fiction']",
3,042518109X,4.0,Whispers,Dean R. Koontz,whispers,"['Fiction', 'Romance', 'Drama', 'Family', 'Novels', 'Chick Lit', 'Contemporary', 'Roman', 'Womens Fiction', 'Adult Fiction']",
4,0425188221,3.5,Shadowland,Peter Straub,shadowland,"['Horror', 'Fantasy', 'Fiction', 'Thriller', 'Magic', 'Mystery', 'Supernatural', 'Paranormal', 'Novels', 'Dark Fantasy']",
5,0425188221,3.5,Shadowland,Peter Straub,shadowland,"['Horror', 'Fantasy', 'Fiction', 'Thriller', 'Magic', 'Mystery', 'Supernatural', 'Paranormal', 'Novels', 'Dark Fantasy']",
6,0425188221,3.5,Shadowland,Peter Straub,shadowland,"['Horror', 'Fantasy', 'Fiction', 'Thriller', 'Magic', 'Mystery', 'Supernatural', 'Paranormal', 'Novels', 'Dark Fantasy']",
7,0385264356,5.0,Alamut,Judith Tarr,alamut,"['Fiction', 'Historical Fiction', 'Classics', 'Novels', 'Historical', 'Literature', 'Religion', 'Philosophy', 'European Literature', 'Roman']",
8,0061083259,3.5,Dreamcatcher,Dinah McCall,dreamcatcher,"['Westerns', 'Paranormal', 'Middle Grade', 'Horses']",
9,0061083259,3.5,Dreamcatcher,Dinah McCall,dreamcatcher,"['Westerns', 'Paranormal', 'Middle Grade', 'Horses']",
