user_id,isbn,rating,title,author,year,publisher,age,normalized_title,matched_genres,desc
276850.0,0449217264,3.5,Alaska,James A. Michener,1994.0,Fawcett Books,16.0,alaska,"['Young Adult', 'Fiction', 'Contemporary', 'Romance', 'Realistic Fiction', 'Coming Of Age', 'Teen', 'Mystery', 'Young Adult Contemporary', 'High School']",
276872.0,0425167097,4.0,Toxin,Robin Cook,1999.0,Berkley Pub Group,43.0,toxin,[],
276872.0,042518109X,4.0,Whispers,Dean R. Koontz,2001.0,Berkley Publishing Group,43.0,whispers,"['Fiction', 'Romance', 'Drama', 'Family', 'Novels', 'Chick Lit', 'Contemporary', 'Roman', 'Womens Fiction', 'Adult Fiction']",
276872.0,042518109X,4.0,Whispers,Dean R. Koontz,2001.0,Berkley Publishing Group,43.0,whispers,"['Fiction', 'Romance', 'Drama', 'Family', 'Novels', 'Chick Lit', 'Contemporary', 'Roman', 'Womens Fiction', 'Adult Fiction']",
276872.0,042518109X,4.0,Whispers,Dean R. Koontz,2001.0,Berkley Publishing Group,43.0,whispers,"['Fiction', 'Romance', 'Drama', 'Family', 'Novels', 'Chick Lit', 'Contemporary', 'Roman', 'Womens Fiction', 'Adult Fiction']",
276872.0,0425188221,3.5,Shadowland,Peter Straub,2003.0,Berkley Publishing Group,43.0,shadowland,"['Horror', 'Fantasy', 'Fiction', 'Thriller', 'Magic', 'Mystery', 'Supernatural', 'Paranormal', 'Novels', 'Dark Fantasy']",
276872.0,0425188221,3.5,Shadowland,Peter Straub,2003.0,Berkley Publishing Group,43.0,shadowland,"['Horror', 'Fantasy', 'Fiction', 'Thriller', 'Magic', 'Mystery', 'Supernatural', 'Paranormal', 'Novels', 'Dark Fantasy']",
276872.0,0425188221,3.5,Shadowland,Peter Straub,2003.0,Berkley Publishing Group,43.0,shadowland,"['Horror', 'Fantasy', 'Fiction', 'Thriller', 'Magic', 'Mystery', 'Supernatural', 'Paranormal', 'Novels', 'Dark Fantasy']",
276964.0,0385264356,5.0,Alamut,Judith Tarr,1989.0,Bantam Dell Pub Group,34.0,alamut,"['Fiction', 'Historical Fiction', 'Classics', 'Novels', 'Historical', 'Literature', 'Religion', 'Philosophy', 'European Literature', 'Roman']",
276988.0,0061083259,3.5,Dreamcatcher,Dinah McCall,1996.0,HarperTorch,,dreamcatcher,"['Westerns', 'Paranormal', 'Middle Grade', 'Horses']",
