Unnamed: 0,user_id,isbn,rating,title,author,year,publisher,age,normalized_title,matched_genres
190,276850,0449217264,3.5,Alaska,James A. Michener,1994,Fawcett Books,16.0,alaska,"['Young Adult', 'Fiction', 'Contemporary', 'Romance', 'Realistic Fiction', 'Coming Of Age', 'Teen', 'Mystery', 'Young Adult Contemporary', 'High School']"
262,276872,0425167097,4.0,Toxin,Robin Cook,1999,Berkley Pub Group,43.0,toxin,[]
263,276872,042518109X,4.0,Whispers,Dean R. Koontz,2001,Berkley Publishing Group,43.0,whispers,"['Fiction', 'Romance', 'Drama', 'Family', 'Novels', 'Chick Lit', 'Contemporary', 'Roman', 'Womens Fiction', 'Adult Fiction']"
264,276872,042518109X,4.0,Whispers,Dean R. Koontz,2001,Berkley Publishing Group,43.0,whispers,"['Fiction', 'Romance', 'Drama', 'Family', 'Novels', 'Chick Lit', 'Contemporary', 'Roman', 'Womens Fiction', 'Adult Fiction']"
265,276872,042518109X,4.0,Whispers,Dean R. Koontz,2001,Berkley Publishing Group,43.0,whispers,"['Fiction', 'Romance', 'Drama', 'Family', 'Novels', 'Chick Lit', 'Contemporary', 'Roman', 'Womens Fiction', 'Adult Fiction']"
266,276872,0425188221,3.5,Shadowland,Peter Straub,2003,Berkley Publishing Group,43.0,shadowland,"['Horror', 'Fantasy', 'Fiction', 'Thriller', 'Magic', 'Mystery', 'Supernatural', 'Paranormal', 'Novels', 'Dark Fantasy']"
267,276872,0425188221,3.5,Shadowland,Peter Straub,2003,Berkley Publishing Group,43.0,shadowland,"['Horror', 'Fantasy', 'Fiction', 'Thriller', 'Magic', 'Mystery', 'Supernatural', 'Paranormal', 'Novels', 'Dark Fantasy']"
268,276872,0425188221,3.5,Shadowland,Peter Straub,2003,Berkley Publishing Group,43.0,shadowland,"['Horror', 'Fantasy', 'Fiction', 'Thriller', 'Magic', 'Mystery', 'Supernatural', 'Paranormal', 'Novels', 'Dark Fantasy']"
506,276964,0385264356,5.0,Alamut,Judith Tarr,1989,Bantam Dell Pub Group,34.0,alamut,"['Fiction', 'Historical Fiction', 'Classics', 'Novels', 'Historical', 'Literature', 'Religion', 'Philosophy', 'European Literature', 'Roman']"
556,276988,0061083259,3.5,Dreamcatcher,Dinah McCall,1996,HarperTorch,,dreamcatcher,"['Westerns', 'Paranormal', 'Middle Grade', 'Horses']"
